index,Galaxy name,Redshift Independent Distance,Distance (Mpc),Spectral FITS,Filename,Redshift,Velocity v (km/s)
0,NGC 99,https://ned.ipac.caltech.edu/cgi-bin/nDistance?name=NGC+99,29.1,https://skyserver.sdss.org/dr12/en/tools/explore/Summary.aspx?ra=5.99747&dec=15.770428,NGC99.fits,None,None
1,NGC 2713,https://ned.ipac.caltech.edu/cgi-bin/nDistance?name=NGC+2713,61.344,https://skyserver.sdss.org/dr12/en/tools/explore/Summary.aspx?ra=134.33544&dec=2.921312,NGC2713.fits,None,None
2,NGC 3440,https://ned.ipac.caltech.edu/cgi-bin/nDistance?name=NGC+3440,40.533,https://skyserver.sdss.org/dr12/en/tools/explore/Summary.aspx?ra=163.456165&dec=57.118647,NGC3440.fits,None,None
3,NGC 7108,https://ned.ipac.caltech.edu/cgi-bin/nDistance?name=NGC+7108,92.95,https://skyserver.sdss.org/dr12/en/tools/explore/Summary.aspx?ra=325.473941&dec=-6.708839,NGC7108.fits,None,None
4,NGC 450,https://ned.ipac.caltech.edu/cgi-bin/nDistance?name=NGC+450,17.613,https://skyserver.sdss.org/dr12/en/tools/explore/Summary.aspx?ra=18.876&dec=-0.861,NGC450.fits,None,None
5,NGC 5750,https://ned.ipac.caltech.edu/cgi-bin/nDistance?name=NGC+5750,30.086,https://skyserver.sdss.org/dr12/en/tools/explore/Summary.aspx?ra=221.546&dec=-0.223,NGC5750.fits,None,None
6,NGC 5719,https://ned.ipac.caltech.edu/cgi-bin/nDistance?name=NGC+5719,26.118,https://skyserver.sdss.org/dr12/en/tools/explore/Summary.aspx?ra=220.235&dec=-0.318,NGC5719.fits,None,None
7,[BKD2008] WR 52,https://ned.ipac.caltech.edu/cgi-bin/nDistance?name=%5BBKD2008%5D+WR+52,13.989,https://skyserver.sdss.org/dr12/en/tools/explore/Summary.aspx?ra=41.606&dec=-0.499,WR52.fits,None,None
8,NGC 5334,https://ned.ipac.caltech.edu/cgi-bin/nDistance?name=NGC+5334,33.32,https://skyserver.sdss.org/dr12/en/tools/explore/Summary.aspx?ra=208.227&dec=-1.114,NGC5334.fits,None,None
9,NGC 5496,https://ned.ipac.caltech.edu/cgi-bin/nDistance?name=NGC+5496,21.887,https://skyserver.sdss.org/dr12/en/tools/explore/summary.aspx?id=1237648702979375194%09,NGC5496.fits,None,None
10,MCG+00-34-005,https://ned.ipac.caltech.edu/cgi-bin/nDistance?name=MCG%2B00-34-005,71.1,https://skyserver.sdss.org/dr12/en/tools/explore/summary.aspx?id=1237648703509364815%09,MCG+00.fits,None,None
11,NGC 5705,https://ned.ipac.caltech.edu/cgi-bin/nDistance?name=NGC+5705,26.193,https://skyserver.sdss.org/dr12/en/tools/explore/summary.aspx?id=1237648703519326351,NGC5705.fits,None,None
12,NGC 5584,https://ned.ipac.caltech.edu/cgi-bin/nDistance?name=NGC+5584,21.619,https://skyserver.sdss.org/dr12/en/tools/explore/summary.aspx?id=1237648704054296626%09,NGC5584.fits,None,None
13,NGC 4355,https://ned.ipac.caltech.edu/cgi-bin/nDistance?name=NGC+4355,22.967,https://skyserver.sdss.org/dr12/en/tools/explore/summary.aspx?id=1237648720159965190%09,NGC4355.fits,None,None
14,NGC 5211,https://ned.ipac.caltech.edu/cgi-bin/nDistance?name=NGC+5211,47.325,https://skyserver.sdss.org/dr12/en/tools/explore/summary.aspx?id=1237648720167174259%09,NGC5211.fits,None,None
15,IC 653,https://ned.ipac.caltech.edu/cgi-bin/nDistance?name=IC+653,80.933,https://skyserver.sdss.org/dr12/en/tools/explore/summary.aspx?id=1237648720686415913,IC653.fits,None,None
16,NGC 4592,https://ned.ipac.caltech.edu/cgi-bin/nDistance?name=NGC+4592,11.589,https://skyserver.sdss.org/dr12/en/tools/explore/summary.aspx?id=1237648720698146893%09,NGC4592.fits,None,None
17,NGC 4668,https://ned.ipac.caltech.edu/cgi-bin/nDistance?name=NGC+4668,16.537,https://skyserver.sdss.org/dr12/en/tools/explore/summary.aspx?id=1237648720698867721%09,NGC4668.fits,None,None
18,NGC 3325,https://ned.ipac.caltech.edu/cgi-bin/nDistance?name=NGC+3325,60,https://skyserver.sdss.org/dr12/en/tools/explore/summary.aspx?id=1237648721221910580%09,NGC3325.fits,None,None
19,Mrk 778,https://ned.ipac.caltech.edu/cgi-bin/nDistance?name=Mrk+778,106,https://skyserver.sdss.org/dr12/en/tools/explore/summary.aspx?id=1237648721771888672%09,Mrk778.fits,None,None
20,NGC 3719,https://ned.ipac.caltech.edu/cgi-bin/nDistance?name=NGC+3719,88.571,https://skyserver.sdss.org/dr12/en/tools/explore/summary.aspx?id=1237648722301419653%09,NGC3719.fits,None,None
21,UGC 6903,https://ned.ipac.caltech.edu/cgi-bin/nDistance?name=UGC+6903,30.5,https://skyserver.sdss.org/dr12/en/tools/explore/summary.aspx?id=1237648722840846413%09,UGC6903.fits,None,None
22,UGC 1083,https://ned.ipac.caltech.edu/cgi-bin/nDistance?name=UGC+1083,72,https://skyserver.sdss.org/dr12/en/tools/explore/summary.aspx?id=1237649919505858723%09,UGC1083.fits,None,None
23,NGC 774,https://ned.ipac.caltech.edu/cgi-bin/nDistance?name=NGC+774,54.775,https://skyserver.sdss.org/dr12/en/tools/explore/summary.aspx?id=1237649954407907351%09,NGC774.fits,None,None
24,NGC 1285,https://ned.ipac.caltech.edu/cgi-bin/nDistance?name=NGC+1285,55.333,https://skyserver.sdss.org/dr12/en/tools/explore/summary.aspx?id=1237649962454941712%09,NGC1285.fits,None,None